group,kp,dir,n,os_mean,tp_ms_mean,zeta_mean,wn_mean,k1_mean,k1_sd,tau_mean,tau_sd
kp_dir,-15.0000,+,5,6.3554,113.2046,0.6601,37.1002,-1.8733,0.1172,0.0205,0.0017
kp_dir,-15.0000,-,5,7.6846,107.7676,0.6327,37.6841,-1.9854,0.0650,0.0210,0.0009
kp,-15.0000,,10,7.0200,110.4861,0.6464,37.3922,-1.9294,0.1071,0.0208,0.0013
kp_dir,-20.0000,+,5,11.5965,98.4453,0.5657,38.7957,-1.7154,0.1074,0.0228,0.0011
kp_dir,-20.0000,-,5,12.5066,89.3568,0.5522,42.2134,-1.9132,0.0934,0.0215,0.0006
kp,-20.0000,,10,12.0516,93.9011,0.5590,40.5045,-1.8143,0.1410,0.0222,0.0011
kp_dir,-25.0000,+,5,16.5649,76.5231,0.4968,47.3621,-1.9072,0.0785,0.0213,0.0009
kp_dir,-25.0000,-,5,17.6781,78.0971,0.4830,45.9915,-1.9046,0.0743,0.0225,0.0008
kp,-25.0000,,10,17.1215,77.3101,0.4899,46.6768,-1.9059,0.0721,0.0219,0.0011
all,,,30,12.0644,93.8991,0.5651,41.5245,-1.8832,0.1179,0.0216,0.0013
