source,id,kp,dir,sat,theta0,ss,ref,ss_err,peak,os_pct,tp_ms,onset_ms,v_max,zeta,wn,k1,tau,peak_width_ms,flat_ratio,exclude,warn
kp15 run1.txt,11,-15.0000,1,0,-0.0956,0.1001,0.1000,-0.0001,0.1130,6.6012,116.1463,13.0000,3.3070,0.6543,35.7662,-1.8222,0.0214,5.0000,0.1499,,
kp15 run1.txt,12,-15.0000,-1,0,0.1105,-0.1000,-0.1000,0.0000,-0.1152,7.2051,104.3854,10.0000,3.5480,0.6420,39.2524,-2.0381,0.0198,4.0000,0.1335,,
kp15 run1.txt,13,-15.0000,-1,0,0.1031,-0.0996,-0.1000,-0.0004,-0.1162,8.1956,105.5797,13.0000,3.9310,0.6229,38.0367,-2.0354,0.0211,3.0000,0.0990,,
kp15 run1.txt,14,-15.0000,1,0,-0.0969,0.1000,0.1000,0.0000,0.1127,6.4792,119.6601,12.0000,3.2850,0.6568,34.8182,-1.7670,0.0219,6.0000,0.1746,,
kp15 run1.txt,15,-15.0000,1,0,-0.0963,0.1002,0.1000,-0.0002,0.1115,5.7303,117.8600,14.0000,3.2690,0.6731,36.0431,-1.7849,0.0206,6.0000,0.1773,,
kp15 run1.txt,16,-15.0000,-1,0,0.1218,-0.1000,-0.1000,-0.0000,-0.1158,7.1552,108.1836,1.0000,4.0780,0.6430,37.9155,-1.9657,0.0205,3.0000,0.0966,,
kp15 run1.txt,17,-15.0000,-1,0,0.1030,-0.0997,-0.1000,-0.0003,-0.1163,8.2122,107.1262,14.0000,3.9740,0.6226,37.4758,-2.0064,0.0214,3.0000,0.0975,,
kp15 run1.txt,18,-15.0000,1,0,-0.0972,0.1002,0.1000,-0.0002,0.1154,7.7057,109.2157,11.0000,3.3670,0.6322,37.1245,-1.9575,0.0213,2.0000,0.0638,,
kp15 run1.txt,19,-15.0000,-1,0,0.1078,-0.1001,-0.1000,0.0001,-0.1160,7.6549,113.5630,11.0000,3.7560,0.6332,35.7402,-1.8816,0.0221,18.0000,0.5520,,
kp15 run1.txt,20,-15.0000,1,0,-0.0958,0.1004,0.1000,-0.0004,0.1108,5.2607,103.1407,11.0000,3.2690,0.6839,41.7493,-2.0349,0.0175,5.0000,0.1688,,
kp20 run1.txt,1,-20.0000,1,0,-0.1004,0.1000,0.1000,-0.0000,0.1236,11.7785,89.5852,11.0000,4.3230,0.5628,42.4243,-1.8846,0.0209,5.0000,0.1944,,
kp20 run1.txt,2,-20.0000,-1,0,0.1009,-0.1003,-0.1000,0.0003,-0.1256,12.5713,86.2022,10.0000,4.3540,0.5509,43.6684,-1.9817,0.0208,25.0000,1.0100,,
kp20 run1.txt,3,-20.0000,1,0,-0.1023,0.1002,0.1000,-0.0002,0.1230,11.2945,102.8564,10.0000,4.4470,0.5703,37.1816,-1.6300,0.0236,11.0000,0.3725,,
kp20 run1.txt,4,-20.0000,-1,0,0.0994,-0.1000,-0.1000,0.0000,-0.1286,14.3587,86.9311,11.0000,4.4490,0.5256,42.4790,-2.0206,0.0224,4.0000,0.1603,,
kp20 run1.txt,5,-20.0000,1,0,-0.1005,0.1004,0.1000,-0.0004,0.1219,10.7127,102.5034,10.0000,4.2870,0.5795,37.6062,-1.6224,0.0229,7.0000,0.2378,,
kp20 run1.txt,6,-20.0000,-1,0,0.1105,-0.1006,-0.1000,0.0006,-0.1240,11.0954,93.8871,6.0000,4.8720,0.5734,40.8419,-1.7808,0.0214,15.0000,0.5564,,
kp20 run1.txt,7,-20.0000,1,0,-0.0956,0.0996,0.1000,0.0004,0.1239,12.4238,97.5385,12.0000,4.4030,0.5531,38.6599,-1.7475,0.0234,6.0000,0.2142,,
kp20 run1.txt,8,-20.0000,-1,0,0.0993,-0.1003,-0.1000,0.0003,-0.1246,12.1936,90.2674,10.0000,4.3470,0.5565,41.8889,-1.8818,0.0214,26.0000,1.0031,,
kp20 run1.txt,9,-20.0000,1,0,-0.0989,0.1000,0.1000,0.0000,0.1234,11.7731,99.7431,11.0000,4.3080,0.5629,38.1064,-1.6925,0.0233,11.0000,0.3841,,
kp20 run1.txt,10,-20.0000,-1,0,0.1008,-0.1004,-0.1000,0.0004,-0.1252,12.3142,89.4963,9.0000,4.3760,0.5547,42.1887,-1.9014,0.0214,12.0000,0.4670,,
kp25 run1.txt,21,-25.0000,1,0,-0.1016,0.1001,0.1000,-0.0001,0.1347,17.1385,73.0079,9.0000,5.4210,0.4896,49.3492,-2.0160,0.0207,4.0000,0.1908,,
kp25 run1.txt,22,-25.0000,-1,0,0.1023,-0.1002,-0.1000,0.0001,-0.1364,17.9216,73.8544,9.0000,5.4010,0.4800,48.4903,-2.0202,0.0215,18.0000,0.8488,,
kp25 run1.txt,23,-25.0000,-1,0,0.0974,-0.1002,-0.1000,0.0002,-0.1354,17.8564,81.2933,10.0000,5.2730,0.4808,44.0746,-1.8333,0.0236,20.0000,0.8568,,
kp25 run1.txt,24,-25.0000,1,0,-0.0992,0.1002,0.1000,-0.0002,0.1345,17.2049,76.4590,8.0000,5.2930,0.4887,47.0970,-1.9273,0.0217,12.0000,0.5466,,
kp25 run1.txt,25,-25.0000,-1,0,0.1007,-0.1002,-0.1000,0.0002,-0.1363,17.9912,77.5960,8.0000,5.3820,0.4792,46.1282,-1.9251,0.0226,23.0000,1.0323,,
kp25 run1.txt,26,-25.0000,1,0,-0.1000,0.1008,0.1000,-0.0008,0.1329,15.9778,74.9179,10.0000,5.3660,0.5042,48.5562,-1.9262,0.0204,22.0000,1.0227,,
kp25 run1.txt,27,-25.0000,1,0,-0.1013,0.1009,0.1000,-0.0009,0.1327,15.7055,77.3749,9.0000,5.3120,0.5077,47.1267,-1.8566,0.0209,21.0000,0.9452,,
kp25 run1.txt,28,-25.0000,-1,0,0.0987,-0.1006,-0.1000,0.0006,-0.1355,17.5090,80.1384,10.0000,5.4370,0.4850,44.8282,-1.8485,0.0230,22.0000,0.9561,,
kp25 run1.txt,29,-25.0000,-1,0,0.1003,-0.1003,-0.1000,0.0003,-0.1347,17.1125,77.6034,9.0000,5.3280,0.4899,46.4364,-1.8958,0.0220,21.0000,0.9424,,
kp25 run1.txt,30,-25.0000,1,0,-0.1004,0.1005,0.1000,-0.0005,0.1342,16.7980,80.8559,9.0000,5.3480,0.4938,44.6813,-1.8098,0.0227,22.0000,0.9476,,
